{
    "loss": 4.031286239624023,
    "accuracy": 0.9028597474098206
}